ticker,industry,sector,pb_peer_level,pb,pb_discount_pct,safety_altman_z,fundamentally_qualified,failed_filters,bar_date,close,ema20,volume,avg_volume_50d,volume_ratio,volume_surge,close_above_ema,crossed_above_ema,earnings_near,flags,status,notes
STZ,Beverages - Brewers,Consumer Defensive,sector,2.5677612,44.6,2.65,False,ROCE > 15%; Debt/Equity,2026-10-08,123.63,118.39,5266100,2185926,2.41,True,True,False,True,earnings reaction; weak peer group; not V20-qualified,VOLUME_SURGE_ONLY,
BF-B,Beverages - Wineries & Distilleries,Consumer Defensive,sector,3.0671444,33.83,4.1,False,ROCE > 15%; PEG <= 2; Debt/Equity,2026-10-08,26.54,26.32,3842600,2238892,1.72,False,True,True,,weak peer group; not V20-qualified,EMA_CROSS_ONLY,
CSGP,Real Estate Services,Real Estate,sector,1.5213065,37.35,4.1,False,"P/E vs industry (forward, max 25% above median); ROCE > 15%; ROE > 15%; Operating margin > 15%",2026-10-08,29.81,28.63,9467400,6736540,1.41,False,True,True,,weak peer group; not V20-qualified,EMA_CROSS_ONLY,
EXE,Oil & Gas E&P,Energy,industry,1.0728645,40.43,2.24,False,ROCE > 15%; ROE > 15%,2026-10-08,88.86,88.61,2976100,3006540,0.99,False,True,True,,not V20-qualified,EMA_CROSS_ONLY,
LH,Diagnostics & Research,Healthcare,industry,2.9533408,38.38,3.3,False,ROCE > 15%; ROE > 15%; Debt/Equity; Operating margin > 15%,2026-10-08,314.2,313.15,703700,732068,0.96,False,True,True,,not V20-qualified,EMA_CROSS_ONLY,
MDLZ,Confectioners,Consumer Defensive,sector,2.9164062,37.08,2.29,False,ROCE > 15%; ROE > 15%; Debt/Equity,2026-10-08,60.67,59.88,7695100,7986916,0.96,False,True,True,,weak peer group; not V20-qualified,EMA_CROSS_ONLY,
TWLO,Software - Infrastructure,Technology,industry,4.7172422,36.71,12.75,False,"P/E vs industry (forward, max 25% above median); ROCE > 15%; ROE > 15%; Operating margin > 15%",2026-10-08,275.77,273.27,1862800,3216508,0.58,False,True,True,,not V20-qualified,EMA_CROSS_ONLY,
UBER,Software - Application,Technology,industry,5.2457056,30.14,3.52,False,ROCE > 15%; PEG <= 2; Debt/Equity; Operating margin > 15%,2026-10-08,70.24,70.14,14500000,18163578,0.8,False,True,True,,not V20-qualified,EMA_CROSS_ONLY,
ALB,Specialty Chemicals,Basic Materials,industry,1.4983857,46.04,1.9,False,"P/E vs industry (forward, max 25% above median); ROCE > 15%; ROE > 15%",2026-10-08,102.1,110.3,3903700,2343600,1.67,False,False,False,,not V20-qualified,WATCHING,
ADI,Semiconductors,Technology,industry,5.862736,36.06,9.17,False,"P/E vs industry (forward, max 25% above median); ROCE > 15%; ROE > 15%",2026-10-08,405.93,395.08,3703800,3464844,1.07,False,True,False,,not V20-qualified,WATCHING,
CARR,Building Products & Equipment,Industrials,sector,3.5036085,41.06,2.49,False,ROCE > 15%; ROE > 15%; Debt/Equity; Operating margin > 15%,2026-10-08,55.83,55.99,4950400,6421054,0.77,False,False,False,,weak peer group; not V20-qualified,WATCHING,
CHD,Household & Personal Products,Consumer Defensive,industry,5.330243,40.55,4.99,False,ROCE > 15%; PEG <= 2; Debt/Equity,2026-10-08,97.73,96.09,1686200,1880136,0.9,False,True,False,,not V20-qualified,WATCHING,
CSCO,Communication Equipment,Technology,industry,9.01593,37.36,4.35,False,Debt/Equity,2026-10-08,114.89,111.03,12967100,19257634,0.67,False,True,False,,not V20-qualified,WATCHING,
DHR,Diagnostics & Research,Healthcare,industry,2.9069862,39.34,4.31,False,ROCE > 15%; ROE > 15%; Debt/Equity,2026-10-08,217.46,216.31,5292500,3907320,1.35,False,True,False,,not V20-qualified,WATCHING,
DOV,Specialty Industrial Machinery,Industrials,industry,3.3033812,31.47,5.17,False,ROCE > 15%; ROE > 15%,2026-10-08,188.96,190.31,664600,1165474,0.57,False,False,False,,not V20-qualified,WATCHING,
EFX,Consulting Services,Industrials,sector,3.9074285,34.26,2.93,False,ROCE > 15%; ROE > 15%; Debt/Equity,2026-10-08,145.54,151.69,1959400,1490332,1.31,False,False,False,,weak peer group; not V20-qualified,WATCHING,
FLEX,Electronic Components,Technology,industry,7.7058425,30.1,3.34,False,ROCE > 15%; Debt/Equity; Operating margin > 15%,2026-10-08,114.74,114.32,2642400,3407174,0.78,False,True,False,,not V20-qualified,WATCHING,
FTV,Scientific & Technical Instruments,Technology,industry,2.817056,31.67,3.08,False,ROCE > 15%; ROE > 15%; Debt/Equity,2026-10-08,56.42,56.49,2190600,2390108,0.92,False,False,False,,not V20-qualified,WATCHING,
GPC,Auto Parts,Consumer Cyclical,sector,3.903932,32.71,2.2,False,"P/E vs industry (forward, max 25% above median); ROCE > 15%; ROE > 15%; Debt/Equity; Operating margin > 15%",2026-10-08,128.17,128.53,1079800,1030118,1.05,False,False,False,,weak peer group; not V20-qualified,WATCHING,
INCY,Biotechnology,Healthcare,industry,3.5716548,33.42,9.84,False,PEG <= 2,2026-10-08,112.75,119.63,1927000,1555258,1.24,False,False,False,,not V20-qualified,WATCHING,
IR,Specialty Industrial Machinery,Industrials,industry,2.9735808,38.31,3.24,False,ROCE > 15%; ROE > 15%,2026-10-08,78.0,76.31,4044100,4351248,0.93,False,True,False,,not V20-qualified,WATCHING,
INTC,Semiconductors,Technology,industry,6.1685586,32.72,4.79,False,"P/E vs industry (forward, max 25% above median); ROCE > 15%; ROE > 15%; Operating margin > 15%",2026-10-08,107.08,112.43,119637300,104631544,1.14,False,False,False,,not V20-qualified,WATCHING,
INTU,Software - Application,Technology,industry,4.294274,42.81,4.78,True,,2026-10-08,303.88,295.46,5627500,3845112,1.46,False,True,False,,,WATCHING,
LHX,Aerospace & Defense,Industrials,industry,2.2182896,42.36,2.14,False,ROCE > 15%; ROE > 15%; Debt/Equity; Operating margin > 15%,2026-10-08,236.92,242.26,1203000,1664030,0.72,False,False,False,,not V20-qualified,WATCHING,
LDOS,Information Technology Services,Technology,industry,2.8314254,37.24,3.5,False,Debt/Equity; Operating margin > 15%,2026-10-08,119.22,122.97,1673200,1372728,1.22,False,False,False,,not V20-qualified,WATCHING,
MCHP,Semiconductors,Technology,industry,6.356902,30.67,4.12,False,"P/E vs industry (forward, max 25% above median); ROCE > 15%; ROE > 15%; Debt/Equity",2026-10-08,75.52,77.06,10130200,9039408,1.12,False,False,False,,not V20-qualified,WATCHING,
NKE,Footwear & Accessories,Consumer Cyclical,sector,3.4656825,40.26,3.22,False,"P/E vs industry (forward, max 25% above median); ROCE > 15%; Debt/Equity; Operating margin > 15%",2026-10-08,34.74,35.69,43696600,34771674,1.26,False,False,False,,weak peer group; not V20-qualified,WATCHING,
NXPI,Semiconductors,Technology,industry,5.113639,44.23,3.13,False,ROCE > 15%; Debt/Equity,2026-10-08,231.07,234.92,3950700,3584346,1.1,False,False,False,,not V20-qualified,WATCHING,
CRM,Software - Application,Technology,industry,4.8850574,34.95,2.93,False,ROCE > 15%; Debt/Equity,2026-10-08,227.8,232.4,6183900,13504516,0.46,False,False,False,,not V20-qualified,WATCHING,
SNA,Tools & Accessories,Industrials,sector,3.072445,48.31,7.54,True,,2026-10-08,358.88,369.94,401300,292008,1.37,False,False,False,,weak peer group,WATCHING,
TGT,Discount Stores,Consumer Defensive,industry,3.9402194,39.38,3.22,False,ROCE > 15%; Debt/Equity; Operating margin > 15%,2026-10-08,154.76,156.03,4185000,4089548,1.02,False,False,False,,not V20-qualified,WATCHING,
TDY,Scientific & Technical Instruments,Technology,industry,2.5678017,37.71,4.92,False,ROCE > 15%; ROE > 15%,2026-10-08,604.82,612.41,342200,280132,1.22,False,False,False,,not V20-qualified,WATCHING,
TRMB,Scientific & Technical Instruments,Technology,industry,2.459926,40.33,3.53,False,ROCE > 15%; ROE > 15%,2026-10-08,59.85,58.61,1963800,3060390,0.64,False,True,False,,not V20-qualified,WATCHING,
TYL,Software - Application,Technology,industry,4.462697,40.57,5.41,False,"P/E vs industry (forward, max 25% above median); ROCE > 15%; ROE > 15%; Operating margin > 15%",2026-10-08,331.15,332.62,822600,856568,0.96,False,False,False,,not V20-qualified,WATCHING,
WAT,Diagnostics & Research,Healthcare,industry,2.7740214,42.12,14.3,False,"P/E vs industry (forward, max 25% above median); ROE > 15%; Operating margin > 15%",2026-10-08,429.13,427.93,1043900,762974,1.37,False,True,False,,not V20-qualified,WATCHING,
